{
  "no_stakes": {
    "n": 68.0,
    "brier_score": 0.25,
    "yes_rate": 0.4411764705882353,
    "mean_yes_prob": 0.5
  },
  "one_sided": {
    "n": 33.0,
    "brier_score": 0.3367731303030303,
    "yes_rate": 0.5151515151515151,
    "mean_yes_prob": 0.810939393939394
  },
  "two_sided": {
    "n": 11.0,
    "brier_score": 0.37520438818181817,
    "yes_rate": 0.36363636363636365,
    "mean_yes_prob": 0.6676818181818182
  }
}