liquidity,n,depth_units,hedged_qty_mean,coverage_pct,hedged_rev_mean,hedged_rev_median,hedged_rev_p10,hedged_rev_p90,hedged_rev_std,var_reduction_pct,slippage_cost_mean,slippage_pct_of_ideal
0.25,100,25.0,25.0,25.0,354.3734034582285,344.4340202552749,267.6859744897615,453.3446814190676,74.3547278560806,43.75000000000034,5.396549291241854,1.499999999999944
0.5,100,50.0,50.0,50.0,348.97685416698437,342.35059869835555,291.18523485467676,414.9577061408774,49.56981857071998,75.00000000000058,10.793098582485982,3.00000000000052
1.0,100,100.0,100.0,100.0,338.183755584502,338.1837555845005,338.18375558448946,338.1837555845179,1.0436744135845816e-11,100.0,21.586197164968326,6.000000000000029
2.0,100,200.0,100.0,100.0,346.8182344504886,346.8182344504905,346.8182344504754,346.81823445049747,7.88810392881303e-12,100.0,12.951718298981746,3.600000000000226
4.0,100,400.0,100.0,100.0,351.135473883482,351.1354738834826,351.13547388347337,351.1354738834903,6.0108864905469986e-12,100.0,8.634478865988342,2.400000000000293
