cell_index,cell_label,n_seeds,override_planner.planner_type,total_production_mean,total_production_median,total_production_p10,total_production_p90,gini_coefficient_mean,gini_coefficient_median,gini_coefficient_p10,gini_coefficient_p90,welfare_mean,welfare_median,welfare_p10,welfare_p90,total_tax_revenue_mean,total_tax_revenue_median,total_tax_revenue_p10,total_tax_revenue_p90,total_audits_mean,total_audits_median,total_audits_p10,total_audits_p90,total_catches_mean,total_catches_median,total_catches_p10,total_catches_p90,bunching_intensity_mean,bunching_intensity_median,bunching_intensity_p10,bunching_intensity_p90,enforcement_cost_mean,enforcement_cost_median,enforcement_cost_p10,enforcement_cost_p90
0,planner_type=heuristic,100,heuristic,185.735,180.75,140.8,243.0,0.5420406961030546,0.5357407001032193,0.4627093714012064,0.6323130661298916,12.995765366234187,12.663011048091693,9.707153243970174,17.089741328630218,33.50540300426796,31.538341942063397,20.631977818588638,46.23095133470783,13.99,14.0,14.0,14.0,0.44,0.0,0.0,1.0,0.41785714285714287,0.42857142857142855,0.35,0.5071428571428571,6.995,7.0,7.0,7.0
1,planner_type=bandit,100,bandit,185.985,186.0,140.8,243.0,0.5425612114748273,0.5357407001032193,0.4627093714012064,0.6323130661298916,13.013362251405443,13.028801843317973,9.707153243970174,17.089741328630218,33.106053927356044,31.916798566308557,20.64539787293768,47.33522373381967,13.99,14.0,14.0,14.0,0.44,0.0,0.0,1.0,0.41785714285714287,0.42857142857142855,0.35,0.5071428571428571,6.995,7.0,7.0,7.0
2,planner_type=saez,100,saez,185.985,186.0,140.8,243.0,0.5425612114748273,0.5357407001032193,0.4627093714012064,0.6323130661298916,13.013362251405443,13.028801843317973,9.707153243970174,17.089741328630218,32.945624013968896,31.099999889283126,20.7875,45.800860483559966,13.99,14.0,14.0,14.0,0.44,0.0,0.0,1.0,0.41785714285714287,0.42857142857142855,0.35,0.5071428571428571,6.995,7.0,7.0,7.0
3,planner_type=rl,100,rl,180.92,184.0,126.9,231.2,0.553385053132239,0.5574770378874856,0.4741273939042701,0.646311362382791,12.646164616291024,12.848698536486555,8.746244442658952,16.30425262965116,114.30559518873457,117.14891918519768,45.54992404412941,186.26625645348227,14.0,14.0,14.0,14.0,0.39,0.0,0.0,1.0,0.43357142857142855,0.42857142857142855,0.35714285714285715,0.5714285714285714,7.0,7.0,7.0,7.0
